nan,nan,nan,nan
1.000000000000000000e+00,nan,nan,8.500000000000000000e+01
2.000000000000000000e+00,nan,nan,9.000000000000000000e+01
3.000000000000000000e+00,nan,nan,7.800000000000000000e+01
4.000000000000000000e+00,nan,nan,9.200000000000000000e+01
5.000000000000000000e+00,nan,nan,8.800000000000000000e+01
